标签,新闻数量
新能源利用,111
绿色地产,14
节能降耗,12
环保力度升级,255
环保市场机遇,118
环保技术升级,75
关停落后产能,26
新能源车政策,39
新能源政策,30
禁止垃圾进口,4
温室气体减排,52
水污染治理,62
极端天气,33
新能源车发展,46
新能源车补贴,143
大气污染治理,173
垃圾分类,68
生态多样性保护,111
加强环保信披,3
绿色金融,2
碳交易,15
水资源保护,13
垃圾处理,36
土壤污染防治,11
大气污染防治,75
水利建设,1
固废处理,17
危废处理,71
煤改气,11
环保建材,49
关停限产,40
自然灾害,11
绿色物流,81
非洲猪瘟,12
禽流感,35
家禽福利,1
国六标准,85
动物福利,62
噪音污染防治,8
员工降薪,6
偷工减料,16
产品质量安全,29
食品安全问题,15
信息安全,19
游戏上瘾,12
游戏审查,24
消费升级,13
老龄化机遇,10
健康生活,14
金融产品安全,58
国企改革,8
员工权利保护,11
职业健康与安全,10
知识产权保护,14
未成年人保护,94
员工职业道德,4
商业贿赂,12
网络安全,16
产业扶贫,41
食品安全政策,14
食品安全稽查,11
安全生产,84
员工自杀,1
安全事故,20
裁员,7
逃税漏税,0
消费者投诉,13
反垄断调查,6
信息泄露,28
黑客攻击,8
霸王条款,5
客户隐私保护,0
工商处罚,0
企业内部腐败,3
慈善扶贫,16
信用体系建设,24
消费者权利保护,18
交通运输安全,13
客户隐私安全,2
性别歧视,3
食品质量安全,31
同股不同权,0
股东大会议案被否决,0
控股权之争,0
股权激励,0
引咎辞职,19
会计丑闻,0
职务侵占,18
违规担保,14
利益输送,9
审计所被处罚,0
